{"745f3672-828d-457a-b897-041dc69cc921":-25570.6,"6c5558ef-b0a9-4adf-9480-a114a45aa232":1920.0,"ef204816-66b4-4c19-8fb7-b566e9dc75fb":-50163.0,"97958cff-4832-46fb-b984-89cff1dfcb9f":-50163.0,"a361d9d1-89d5-40d9-b847-688d245c36ae":-44403.0,"45ad52d7-8985-497f-bae7-30be94aab227":-45363.0,"63c56efc-71ba-4baa-9865-aad35368d6bd":-49683.0,"3bc2325e-8688-40e6-8d67-1213cf6eebeb":-46803.0,"ee00f592-efd6-4df3-a918-79a547154259":-51603.0,"c14b09f4-b4d0-42b0-902b-e2b1f2023dce":-50163.0,"eed0d337-3449-4b07-8154-50038ea6a3ba":-47283.0,"1410b8ec-9b28-447a-bfc3-3277fd289d95":-49602.99999984,"83d07def-6536-4874-a46c-7cf0ca453db5":-52644.6,"7e2bdaf6-880c-48f3-90a6-aeec6a05e258":4479.99999984,"ecccffdc-b8dd-418b-94c1-7f39283b1b1f":-28671.33333312,"20dee81a-63c6-440e-90bf-e00aac5dc4ed":-38933.33333344,"e7da6f17-8eee-42f2-9acf-4285cfc87fa7":-4644.33333312}